{"cameraMode":{"drawMode":0,"name":"Shaded","section":"Shading Mode"},"sceneLighting":true,"audioPlay":false,"sceneViewState":{"m_AlwaysRefresh":false,"showFog":true,"showSkybox":true,"showFlares":true,"showImageEffects":true,"showParticleSystems":true,"showVisualEffectGraphs":true,"m_FxEnabled":true},"in2DMode":false,"pivot":{"x":-1.0476628541946412,"y":-7.421975135803223,"z":24.112213134765626},"rotation":{"x":0.18869754672050477,"y":-0.025038467720150949,"z":0.004812784492969513,"w":0.9817004799842835},"size":16.148895263671876,"orthographic":false}