{"cameraMode":{"drawMode":0,"name":"Shaded","section":"Shading Mode"},"sceneLighting":true,"audioPlay":false,"sceneViewState":{"m_AlwaysRefresh":false,"showFog":true,"showSkybox":true,"showFlares":true,"showImageEffects":true,"showParticleSystems":true,"showVisualEffectGraphs":true,"m_FxEnabled":true},"in2DMode":false,"pivot":{"x":118.26060485839844,"y":202.52523803710938,"z":16.206932067871095},"rotation":{"x":0.05278583616018295,"y":0.005985488649457693,"z":-0.0003161831700708717,"w":0.9985959529876709},"size":429.4646301269531,"orthographic":false}